block_length_days,replications,total_return_p2_5,total_return_median,total_return_p97_5,annualized_sharpe_p2_5,annualized_sharpe_median,annualized_sharpe_p97_5,max_drawdown_p2_5,max_drawdown_median,max_drawdown_p97_5,probability_total_return_positive
5,2000,-0.30495101829961513,-0.13110746980741567,0.07178768627142157,-2.7392313925412166,-1.1290649415563074,0.561954601647512,-0.3256565756868104,-0.17441207679191145,-0.06672355134716398,0.101
10,2000,-0.29155985908571885,-0.1278100055405313,0.054632271351642996,-2.593414685940181,-1.1117900310124447,0.41608108568750773,-0.3104383435650427,-0.1691628405099938,-0.06701748002026064,0.0815
20,2000,-0.2822697759417315,-0.12200320441928841,0.024035262480758306,-2.49898149933064,-1.0782634051168403,0.19884879542733896,-0.30598876729462887,-0.1590506570522296,-0.0641762247151182,0.048
