cost_bps,selected_action,net_return,gross_return,sharpe,sortino,max_drawdown,turnover_units,turnover_units_per_day,position_change_events,position_change_events_per_day,trade_count,active_rate,win_rate,profit_factor,daily_loss_stop_triggered_count,total_drawdown_stop_triggered
0.0,trade,-0.08796430938717303,-0.08796430938717303,-0.8801617845301745,-0.8378392931509026,-0.15081027267803526,1256.0,2.772626931567329,931,2.055187637969095,628,0.647165434246774,0.5042600896860987,0.977830698231549,8,True
0.5,trade,-0.11350875865451415,-0.05972607214201198,-1.2280956876463935,-1.1895558265030077,-0.15057856495035093,1178.0,2.6004415011037527,875,1.9315673289183224,589,0.6149775264607801,0.4720682775437819,0.9687317539760867,6,True
1.0,trade,-0.13076774997111007,-0.02853003637945739,-1.5584254288782298,-1.5145944874479003,-0.1514368066367363,1112.0,2.4547461368653423,826,1.8233995584988962,556,0.5839495432796868,0.47138519037608034,0.9602837069253195,4,True
2.0,trade,-0.14531654065432265,0.01144085001064532,-2.213933151049191,-1.8777429362923828,-0.15050898320903894,842.0,1.858719646799117,626,1.3818984547461368,421,0.43591416557923734,0.46855444305381727,0.9363271602106665,2,True
3.0,trade,-0.14810643328119244,0.018678621519626182,-2.8510147488110364,-2.0168091352975797,-0.15208549629579515,596.0,1.315673289183223,443,0.977924944812362,298,0.2975206611570248,0.4681776556776557,0.9061125298171985,2,True
5.0,trade,-0.1485023143189782,-0.0027546956585704496,-3.7790232000965998,-1.9392910608929124,-0.1519708633672595,316.0,0.6975717439293598,235,0.5187637969094923,158,0.15296505727127738,0.45664739884393063,0.8323609326058716,1,True
