split,roc_auc,accuracy,balanced_accuracy,f1,brier,baseline_brier,log_loss,baseline_log_loss,positive_rate,predicted_positive_rate,brier_improvement_vs_baseline,log_loss_improvement_vs_baseline
overlay_validation_2024,0.5093474200566819,0.5004997728305316,0.5022783167440205,0.4640733157843424,0.25060010330585053,0.2500549330900561,0.6943545634191564,0.6932570474991109,0.5112221717401181,0.42080872330758745,-0.0005451702157944216,-0.0010975159200454776
