track,feature_set,mode,mean_roc_auc,std_roc_auc,mean_accuracy,mean_balanced_accuracy,mean_f1,mean_brier,mean_baseline_brier,mean_brier_improvement_vs_baseline,mean_log_loss,mean_baseline_log_loss,mean_log_loss_improvement_vs_baseline,folds
tuned_price_only,price_only,tuned,0.5218455261008995,0.004494842918049972,0.5148826335155282,0.5149740356860036,0.500074335481733,0.25003224105637717,0.25000634444250347,-2.5896613873666676e-05,0.6932269691119745,0.6931598695465956,-6.709956537903324e-05,3
tuned_volume_assisted,volume_assisted,tuned,0.5217292604491732,0.002923121383398206,0.5151476902908239,0.5153353376989052,0.5036749970964636,0.24997496481266138,0.25000634444250347,3.137962984208031e-05,0.693105943872482,0.6931598695465956,5.3925674113458654e-05,3
vanilla_price_only,price_only,vanilla,0.5217883985706274,0.004264264495224133,0.5131803340007575,0.5134766321471887,0.49899837166303307,0.24991855147499178,0.25000634444250347,8.779296751163631e-05,0.6929905369577086,0.6931598695465956,0.00016933258888685197,3
vanilla_volume_assisted,volume_assisted,vanilla,0.5203352410880177,0.0018772568267103659,0.5118524706423524,0.5121518473516599,0.5023286132752474,0.25005356651114286,0.25000634444250347,-4.7222068639394634e-05,0.6932638075811651,0.6931598695465956,-0.00010393803456960741,3
