{
  "model_family": "lightgbm",
  "track": "tuned_price_only",
  "fold": 2,
  "configuration_fingerprint": "5bf38ebc705299d479c013c7351fc1252268cbaabeea5a4945a7a3a6b2de2ef9",
  "selected_params": {
    "bagging_fraction": 0.5195502943309488,
    "bagging_freq": 1,
    "feature_fraction": 0.8542931762170317,
    "lambda_l1": 0.0009941357942150847,
    "lambda_l2": 2.6292094033353635e-08,
    "learning_rate": 0.03079038862485956,
    "max_bin": 127,
    "max_depth": 12,
    "min_child_samples": 148,
    "min_child_weight": 0.0035298683895304732,
    "min_gain_to_split": 0.41379458619181425,
    "num_leaves": 62
  },
  "selected_best_iteration": 144,
  "tuning_info": {
    "track": "tuned_price_only",
    "fold": 2,
    "study_name": "lightgbm_harmonised_tuned_price_only_fold2_5bf38ebc7052",
    "database_path": "/content/drive/MyDrive/fyp_master_starter/data/capstone_methodology/notebook_outputs/03_m15_lightgbm_walkforward_full_harmonised/optuna_studies/tuned_price_only_fold2.sqlite3",
    "target_trials": 150,
    "finished_trials": 150,
    "complete_trials": 76,
    "pruned_trials": 74,
    "failed_trials": 0,
    "best_trial_number": 28,
    "best_inner_validation_auc": 0.5389115437397745,
    "best_inner_validation_brier": 0.2488987342654444,
    "best_inner_validation_log_loss": 0.6909433605048008,
    "best_iteration": 144,
    "best_params_json": "{\"bagging_fraction\": 0.5195502943309488, \"bagging_freq\": 1, \"feature_fraction\": 0.8542931762170317, \"lambda_l1\": 0.0009941357942150847, \"lambda_l2\": 2.6292094033353635e-08, \"learning_rate\": 0.03079038862485956, \"max_bin\": 127, \"max_depth\": 12, \"min_child_samples\": 148, \"min_child_weight\": 0.0035298683895304732, \"min_gain_to_split\": 0.41379458619181425, \"num_leaves\": 62}"
  }
}