{
  "model_family": "lightgbm",
  "track": "tuned_volume_assisted",
  "fold": 3,
  "configuration_fingerprint": "5bf38ebc705299d479c013c7351fc1252268cbaabeea5a4945a7a3a6b2de2ef9",
  "selected_params": {
    "bagging_fraction": 0.9991819072158956,
    "bagging_freq": 1,
    "feature_fraction": 0.6795013857079872,
    "lambda_l1": 0.0009807014413633834,
    "lambda_l2": 6.617883775162186e-07,
    "learning_rate": 0.08258689774619887,
    "max_bin": 255,
    "max_depth": 12,
    "min_child_samples": 81,
    "min_child_weight": 0.030718262774802472,
    "min_gain_to_split": 0.4614921298917069,
    "num_leaves": 15
  },
  "selected_best_iteration": 220,
  "tuning_info": {
    "track": "tuned_volume_assisted",
    "fold": 3,
    "study_name": "lightgbm_harmonised_tuned_volume_assisted_fold3_5bf38ebc7052",
    "database_path": "/content/drive/MyDrive/fyp_master_starter/data/capstone_methodology/notebook_outputs/03_m15_lightgbm_walkforward_full_harmonised/optuna_studies/tuned_volume_assisted_fold3.sqlite3",
    "target_trials": 150,
    "finished_trials": 150,
    "complete_trials": 82,
    "pruned_trials": 68,
    "failed_trials": 0,
    "best_trial_number": 70,
    "best_inner_validation_auc": 0.5260942110335127,
    "best_inner_validation_brier": 0.25011540653211667,
    "best_inner_validation_log_loss": 0.693418084464222,
    "best_iteration": 220,
    "best_params_json": "{\"bagging_fraction\": 0.9991819072158956, \"bagging_freq\": 1, \"feature_fraction\": 0.6795013857079872, \"lambda_l1\": 0.0009807014413633834, \"lambda_l2\": 6.617883775162186e-07, \"learning_rate\": 0.08258689774619887, \"max_bin\": 255, \"max_depth\": 12, \"min_child_samples\": 81, \"min_child_weight\": 0.030718262774802472, \"min_gain_to_split\": 0.4614921298917069, \"num_leaves\": 15}"
  }
}