{
  "model_family": "lightgbm",
  "track": "tuned_volume_assisted",
  "fold": 1,
  "configuration_fingerprint": "5bf38ebc705299d479c013c7351fc1252268cbaabeea5a4945a7a3a6b2de2ef9",
  "selected_params": {
    "bagging_fraction": 0.5223610080379288,
    "bagging_freq": 1,
    "feature_fraction": 0.9948780384919812,
    "lambda_l1": 3.1766141946268154e-08,
    "lambda_l2": 4.249439186602963,
    "learning_rate": 0.01658571396767625,
    "max_bin": 255,
    "max_depth": 5,
    "min_child_samples": 60,
    "min_child_weight": 0.26034991117020484,
    "min_gain_to_split": 0.38849491673040093,
    "num_leaves": 36
  },
  "selected_best_iteration": 69,
  "tuning_info": {
    "track": "tuned_volume_assisted",
    "fold": 1,
    "study_name": "lightgbm_harmonised_tuned_volume_assisted_fold1_5bf38ebc7052",
    "database_path": "/content/drive/MyDrive/fyp_master_starter/data/capstone_methodology/notebook_outputs/03_m15_lightgbm_walkforward_full_harmonised/optuna_studies/tuned_volume_assisted_fold1.sqlite3",
    "target_trials": 150,
    "finished_trials": 150,
    "complete_trials": 91,
    "pruned_trials": 59,
    "failed_trials": 0,
    "best_trial_number": 103,
    "best_inner_validation_auc": 0.5501074090272571,
    "best_inner_validation_brier": 0.24862377522096582,
    "best_inner_validation_log_loss": 0.6903901726071008,
    "best_iteration": 69,
    "best_params_json": "{\"bagging_fraction\": 0.5223610080379288, \"bagging_freq\": 1, \"feature_fraction\": 0.9948780384919812, \"lambda_l1\": 3.1766141946268154e-08, \"lambda_l2\": 4.249439186602963, \"learning_rate\": 0.01658571396767625, \"max_bin\": 255, \"max_depth\": 5, \"min_child_samples\": 60, \"min_child_weight\": 0.26034991117020484, \"min_gain_to_split\": 0.38849491673040093, \"num_leaves\": 36}"
  }
}