timeframe,feature_set,folds,mean_roc_auc,std_roc_auc,mean_accuracy,mean_balanced_accuracy,mean_f1,mean_brier,mean_log_loss,mean_proba,mean_target_1_rate
M15,price_only,3,0.5210058072400301,0.003967175303461593,0.5131119481056801,0.5134617071587974,0.49311203472827136,0.24986474534740813,0.6928813978749387,0.499175613858891,0.49992865585490387
M15,volume_assisted,3,0.5215508001080357,0.002722778540663025,0.5144622062784999,0.5148163980475221,0.49693710426066157,0.2497947489238079,0.692739767501144,0.4993313496653067,0.49992865585490387
M5,price_only,3,0.5168337218401033,0.004454921803146277,0.5105077607800331,0.510687826186465,0.45927006964353784,0.24984490625321318,0.692836985715123,0.4963402634452793,0.5000155906795923
M5,volume_assisted,3,0.517113786061104,0.00375370664877225,0.510142156447199,0.5103407977403608,0.45638139661035315,0.24983581513766495,0.6928188113727592,0.49635873546010584,0.5000155906795923
