track,feature_set,mode,mean_roc_auc,std_roc_auc,mean_accuracy,mean_balanced_accuracy,mean_f1,mean_brier,mean_baseline_brier,mean_brier_improvement_vs_baseline,mean_log_loss,mean_baseline_log_loss,mean_log_loss_improvement_vs_baseline,folds
tuned_price_only,price_only,tuned,0.5188444937221931,0.005073680770035992,0.5126711094414801,0.5117909061132803,0.5265015131842474,0.25016418509095767,0.25001090656308067,-0.00015327852787701732,0.6934870122807372,0.6931689938104872,-0.00031801847024981456,3
tuned_volume_assisted,volume_assisted,tuned,0.5192332389715943,0.007697293322565024,0.5131862804535837,0.5131371918744175,0.5088840412087533,0.2504515498619784,0.2500066578939522,-0.00044489196802614356,0.6940749793224876,0.6931604964318948,-0.00091448289059289,3
vanilla_price_only,price_only,vanilla,0.5221271866168137,0.005411632318552493,0.5137638244398656,0.5136572278548704,0.47158702815882414,0.25042196899729513,0.25000900316929825,-0.0004129658279969084,0.6940192854918953,0.6931651870154422,-0.0008540984764532356,3
vanilla_volume_assisted,volume_assisted,vanilla,0.5156594623453415,0.003234052536736589,0.5103722718098823,0.5103082287837268,0.4758043115771769,0.25067103528975015,0.25000900316929825,-0.0006620321204519145,0.6945102182052274,0.6931651870154422,-0.0013450311897852396,3
