track,feature_set,mode,mean_roc_auc,std_roc_auc,mean_accuracy,mean_balanced_accuracy,mean_f1,mean_brier,mean_baseline_brier,mean_brier_improvement_vs_baseline,mean_log_loss,mean_baseline_log_loss,mean_log_loss_improvement_vs_baseline,folds
tuned_price_only,price_only,tuned,0.5213584798675869,0.006510213676128264,0.5148553662949286,0.5150534788893498,0.49093254437239403,0.250113080463457,0.2500113670539133,-0.00010171340954372628,0.6933867416967624,0.6931699147938075,-0.00021682690295491783,3
tuned_volume_assisted,volume_assisted,tuned,0.5228544660880293,0.011533138312050082,0.512478849718638,0.5120017036212609,0.4817168046830635,0.249975710688321,0.250009084702503,3.337401418204711e-05,0.693113411253205,0.6931653500822913,5.193882908638425e-05,3
vanilla_price_only,price_only,vanilla,0.5203498962186883,0.007831050006944534,0.5135893699424247,0.5136442810448912,0.5071638135518791,0.2500962973873441,0.25000900316929825,-8.729421804587467e-05,0.6933496036157418,0.6931651870154422,-0.0001844166002998119,3
vanilla_volume_assisted,volume_assisted,vanilla,0.5171662226268449,0.00970220516100388,0.5136165054580888,0.5119640905309446,0.5256482128601866,0.25001327762912423,0.25000900316929825,-4.274459825981403e-06,0.6931786427509902,0.6931651870154422,-1.3455735548080957e-05,3
